{"cameraMode":{"drawMode":0,"name":"Shaded","section":"Shading Mode"},"sceneLighting":true,"audioPlay":false,"sceneViewState":{"m_AlwaysRefresh":false,"showFog":true,"showSkybox":true,"showFlares":true,"showImageEffects":true,"showParticleSystems":true,"showVisualEffectGraphs":true,"m_FxEnabled":true},"in2DMode":false,"pivot":{"x":14.136316299438477,"y":0.7950266003608704,"z":-4.549618244171143},"rotation":{"x":-0.006558786146342754,"y":-0.8461887836456299,"z":0.010415333323180676,"w":-0.5327526330947876},"size":5.195041179656982,"orthographic":false}