{"cameraMode":{"drawMode":0,"name":"Shaded","section":"Shading Mode"},"sceneLighting":false,"audioPlay":false,"sceneViewState":{"m_AlwaysRefresh":false,"showFog":true,"showSkybox":false,"showFlares":true,"showImageEffects":true,"showParticleSystems":true,"showVisualEffectGraphs":true,"m_FxEnabled":true},"in2DMode":false,"pivot":{"x":8.790932655334473,"y":0.8928832411766052,"z":-0.7872360348701477},"rotation":{"x":-0.00852973386645317,"y":0.9836615920066834,"z":-0.17321844398975373,"w":-0.048434264957904819},"size":1.3177101612091065,"orthographic":false}