{"cameraMode":{"drawMode":0,"name":"Shaded","section":"Shading Mode"},"sceneLighting":false,"audioPlay":false,"sceneViewState":{"m_AlwaysRefresh":false,"showFog":true,"showSkybox":false,"showFlares":true,"showImageEffects":true,"showParticleSystems":true,"showVisualEffectGraphs":true,"m_FxEnabled":true},"in2DMode":false,"pivot":{"x":3.404198169708252,"y":0.9814640283584595,"z":-0.8099998831748962},"rotation":{"x":-0.006558786146342754,"y":-0.8461887836456299,"z":0.010415333323180676,"w":-0.5327526330947876},"size":1.328904628753662,"orthographic":false}